user_id,movie_id,rating
1,1,5
1,2,4
1,8,4
1,10,5
1,18,5
1,19,4
1,20,5
1,5,3
2,1,5
2,2,5
2,8,4
2,10,5
2,18,4
2,19,5
2,20,4
2,14,3
3,3,4
3,4,5
3,7,4
3,11,5
3,13,5
3,5,4
3,14,4
3,18,3
4,3,5
4,4,4
4,7,5
4,11,4
4,13,5
4,5,4
4,14,5
4,1,3
5,6,5
5,9,4
5,10,5
5,12,4
5,15,5
5,17,5
5,19,4
5,20,5
6,6,4
6,9,5
6,10,4
6,12,5
6,15,4
6,17,5
6,19,5
6,20,4
7,1,4
7,2,5
7,8,5
7,10,4
7,18,5
7,19,4
7,20,5
7,16,3
8,3,4
8,4,5
8,7,4
8,11,5
8,13,4
8,5,5
8,14,4
8,18,3
9,6,5
9,9,5
9,10,4
9,12,5
9,15,5
9,17,4
9,19,5
9,20,4
10,1,5
10,2,4
10,8,5
10,10,5
10,18,4
10,19,5
10,20,5
10,14,3
11,3,5
11,4,4
11,7,5
11,11,5
11,13,5
11,5,4
11,14,5
11,1,3
12,6,4
12,9,5
12,10,5
12,12,4
12,15,5
12,17,5
12,19,4
12,20,5
