movie_id,title,genres
1,Toy Story (1995),Adventure|Animation|Children|Comedy|Fantasy
2,Jumanji (1995),Adventure|Children|Fantasy
3,Grumpier Old Men (1995),Comedy|Romance
4,Waiting to Exhale (1995),Comedy|Drama|Romance
5,Father of the Bride Part II (1995),Comedy
6,Heat (1995),Action|Crime|Thriller
7,Sabrina (1995),Comedy|Romance
8,Tom and Huck (1995),Adventure|Children
9,Sudden Death (1995),Action
10,GoldenEye (1995),Action|Adventure|Thriller
11,"American President, The (1995)",Comedy|Drama|Romance
12,Casino (1995),Crime|Drama
13,Sense and Sensibility (1995),Drama|Romance
14,Ace Ventura: When Nature Calls (1995),Comedy
15,Copycat (1995),Crime|Drama|Thriller
16,Lassie (1994),Adventure|Children
17,Seven (Se7en) (1995),Crime|Mystery|Thriller
18,Pocahontas (1995),Animation|Children|Drama|Musical|Romance
19,Batman Forever (1995),Action|Adventure|Comedy|Crime
20,Apollo 13 (1995),Adventure|Drama|IMAX
