movie_id,title,genres,recommendation_score
318,Schindler's List (1993),Drama War,20.91581305808741
357,One Flew Over the Cuckoo's Nest (1975),Drama,19.742162716669398
474,Dr. Strangelove or: How I Learned to Stop Worrying and Love the Bomb (1963),Sci_Fi War,19.390680911712394
403,Batman (1989),Action Adventure Crime Drama,18.207224242672357
276,Leaving Las Vegas (1995),Drama Romance,16.70128660497971
531,Shine (1996),Drama Romance,16.699229018834863
483,Casablanca (1942),Drama Romance War,16.24417338542317
408,"Close Shave, A (1995)",Animation Comedy Thriller,14.970899712013702
527,Gandhi (1982),Drama,14.55651412002678
433,Heathers (1989),Comedy,14.457639558853625
